latitude,longitude,stationid,stationname,startcount,endcount
40.44535,-73.978238,160.0,E 37 St & Lexington Ave,8,8
40.517975200388506,-74.0313720703125,3036.0,8D OPS 01,3,3
40.646538367096475,-74.0165877342224,3239.0,Bressler,309,309
40.646677898897856,-74.01630342006682,3245.0,Kiosk in a box Motivate,220,220
40.646678,-74.016263,3040.0,SSP Tech Workshop,18,18
40.646768,-74.01651,255.0,NYCBS Depot - SSP,1313,1349
40.65539977447831,-74.01062786579129,3477.0,39 St & 2 Ave - Citi Bike HQ at Industry City,3595,4475
40.65594917783975,-74.00835871696472,3245.0,"Industry City, Building 1 Basement",403,438
40.65659567482039,-74.00849282741547,3487.0,Prototype Lab Motivate Headquarters,12,13
40.65708866668485,-74.00870203971863,3478.0,2 Ave & 36 St - Citi Bike HQ at Industry City,10867,12683
40.66065236872916,-73.9645904302597,3685.0,Prospect Park - 5 Year Anniversary Celebration,72,71
40.6610633719006,-73.97945255041121,3423.0,West Drive & Prospect Park West,53549,53326
40.6627059,-73.9569115,3601.0,Sterling St & Bedford Ave,2762,2983
40.66290776831685,-73.99972200393677,3036.0,8D OPS 01,3,2
40.662987,-73.97691800000003,3432.0,Bike in Movie Night | Prospect Park Bandshell,24,55
40.6630619,-73.95387459999998,3604.0,Rogers Ave & Sterling St,4731,4949
40.66314000000001,-73.96056949999998,3599.0,Franklin Ave & Empire Blvd,12335,12932
40.663779,-73.98396846,3310.0,14 St & 7 Ave,22729,21423
40.6642406,-73.9574686,3596.0,Sullivan Pl & Bedford Ave,1540,1685
40.66514681533792,-73.97637605667114,3300.0,Prospect Park West & 8 St,26422,24560
40.6661649,-73.95934840000002,3594.0,Montgomery St & Franklin Ave OLD,269,282
40.6662078,-73.98199886,3306.0,10 St & 7 Ave,21825,20324
40.666287,-73.98895053,3319.0,14 St & 5 Ave,22228,22351
40.66631810000001,-73.9854617,3313.0,6 Ave & 12 St,14299,13711
40.666439306870814,-73.96055638790129,3661.0,Montgomery St & Franklin Ave,1975,2010
40.666563,-73.95674100000002,3631.0,Crown St & Bedford Ave,2001,2038
40.6679411,-73.9588,3590.0,Carroll St & Franklin Ave,2085,2103
40.668127,-73.98377641,3304.0,6 Ave & 9 St,24733,24296
40.668132,-73.97363831,3354.0,3 St & Prospect Park West,36849,32250
40.6685455,-73.99333264,3324.0,3 Ave & 14 St,12819,13740
40.668603,-73.99043940000001,3322.0,12 St & 4 Ave,10143,10955
40.6686273,-73.98700053,3317.0,10 St & 5 Ave,14276,14262
40.66866270000001,-73.97988067,3297.0,6 St & 7 Ave,16701,15466
40.6686744,-73.9618148,3587.0,Carroll St & Washington Ave,3223,3155
40.66906013501107,-73.99463653564453,3432.0,NYCBS Depot - GOW,1283,3092
40.6691783,-73.9554162,3585.0,Union St & Bedford Ave,3170,3116
40.669767091850034,-73.99474382400513,3672.0,Apache,3,3
40.66979964220026,-73.99497985839844,3040.0,GOW Tech Shop,19,25
40.66979964220026,-73.99497985839844,3040.0,Handlebar @ Gowanus,2,8
40.669801930896156,-73.994904756546,3470.0,Gowanus Tech Station,7,7
40.67038370000001,-73.97839676,3365.0,3 St & 7 Ave,28794,28140
40.6704836,-73.98208968,3405.0,5 St & 6 Ave,14018,13743
40.67049220000001,-73.98541675,3404.0,7 St & 5 Ave,18048,18192
40.6705135,-73.98876585,3403.0,4 Ave & 9 St,20774,22246
40.67077670000001,-73.9576801,3584.0,Eastern Pkwy & Franklin Ave,14585,14211
40.6711978,-73.97484126,3358.0,Garfield Pl & 8 Ave,21804,20573
40.6716493,-73.9631145,3583.0,Eastern Pkwy & Washington Ave,9494,8529
40.6721683,-73.9609,3582.0,Lincoln Pl & Classon Ave,4390,3925
40.6724811,-73.99331394,3401.0,2 Ave & 9 St,8928,9285
40.6725058,-74.00494695,3330.0,Henry St & Bay St,4706,5118
40.67260298150126,-73.98983001708984,3399.0,7 St & 3 Ave,12140,12717
40.67267243410948,-74.00879524648191,3352.0,Sigourney St & Columbia St,5886,6754
40.672695,-73.954131,3579.0,Sterling Pl & Bedford Ave,8027,7933
40.67280641227746,-73.96886587142943,3253.0,Bike The Branches - Central Branch,154,146
40.67281550000001,-73.98352355,3368.0,5 Ave & 3 St,35891,36510
40.6729679,-73.97087984,3349.0,Grand Army Plaza & Plaza St West,53438,49433
40.67363551341504,-74.01195555925368,3337.0,Dwight St & Van Dyke St,4610,5677
40.6737236,-73.9631611,3580.0,St Johns Pl & Washington Ave,10412,9817
40.6740123,-73.9671457,3581.0,Underhill Ave & Lincoln Pl,12550,11927
40.6740886,-73.9787282,3361.0,Carroll St & 6 Ave,27173,27120
40.67418060000001,-73.95649470000002,3578.0,Park Pl & Franklin Ave,6765,6554
40.67434,-74.00194698,3326.0,Clinton St & Centre St,4956,5305
40.674613422475815,-73.98501142859459,3371.0,4 Ave & 2 St,11054,11809
40.67469570000001,-73.99785768,3398.0,Smith St & 9 St,23867,23739
40.6747055,-74.00755720000002,3333.0,Columbia St & Lorraine St,2579,3537
40.6747844,-74.01612847,3353.0,Reed St & Van Brunt St,8246,8649
40.67502070000001,-73.97111473,3418.0,Plaza St West & Flatbush Ave,47263,41967
40.6750705,-73.98775226,3373.0,3 St & 3 Ave,30034,31934
40.675146838709786,-73.9752320945263,3346.0,Berkeley Pl & 7 Ave,35284,35121
40.6751622,-73.9814832,3364.0,Carroll St & 5 Ave,26879,27636
40.6753274,-74.0100698,3340.0,Wolcott St & Dwight St,5621,6521
40.67534953067412,-74.01002034544946,3252.0,Bike The Branches - Red Hook Branch,20,29
40.67581622522832,-74.01488184928894,3644.0,Van Dyke St & Van Brunt St,2954,3329
40.6758324,-73.95616770000002,3569.0,Franklin Ave & St Marks Ave,10069,9862
40.675832943912894,-74.01472628116608,3676.0,Van Brunt St & Van Dyke St,6875,7656
40.67630357634183,-74.00314047932625,3669.0,Henry St & W 9 St,1906,1980
40.67630357634183,-74.00314047932625,3669.0,Henry St & W 9 St (OLD),94,96
40.676368,-73.95291800000003,3571.0,Bedford Ave & Bergen St,9239,9163
40.6763744,-74.00324957,3395.0,Henry St & W 9 St,2327,2465
40.6763744,-74.00324957,3395.0,Henry St & W 9 St [old],163,163
40.6763947,-73.99869893,3397.0,Court St & Nelson St,19063,19455
40.6765198,-73.9596082,3562.0,Classon Ave & St Marks Ave,12085,11753
40.6765304,-73.97846879,3339.0,Berkeley Pl & 6 Ave,20590,20972
40.6767,-73.969024,3576.0,Park Pl & Vanderbilt Ave,16941,16073
40.6769694,-73.96579,3574.0,Prospect Pl & Underhill Ave,9348,8985
40.6769993,-74.00647134,3394.0,Columbia St & W 9 St,3416,4174
40.67716489469059,-73.97382795810701,3663.0,Sterling Pl & 7 Ave,13425,13338
40.677236,-74.015665,3348.0,Coffey St & Conover St,11250,12043
40.6772744,-73.98282002,3335.0,Union St & 4 Ave,28911,30895
40.6773429,-74.01275056,3347.0,Van Brunt St & Wolcott St,16046,17410
40.67759206937376,-73.95563721656801,3673.0,Dean St & Franklin Ave,7022,6953
40.67761470000001,-73.97324283,3416.0,7 Ave & Park Pl,20931,20702
40.6777287,-73.99364123,3381.0,3 St & Hoyt St,13957,14183
40.6777747,-73.9529322,3548.0,Pacific St & Bedford Ave,671,638
40.6777748,-74.0094613,3342.0,Pioneer St & Richards St,6254,7619
40.678045,-73.962408,3549.0,Grand Ave & Bergen St,10780,10448
40.6783563,-74.00014502,3396.0,Clinton St & 4 Place,23593,23622
40.6786115,-73.99037292,3377.0,Carroll St & Bond St,21539,21845
40.67872420000001,-73.99599099,3384.0,Smith St & 3 St,21963,21438
40.67890679,-73.94142771,3041.0,Kingston Ave & Herkimer St,13284,13088
40.679043,-74.011169,3344.0,Pioneer St & Van Brunt St,15357,16704
40.67909799721684,-73.98765474557877,3407.0,Union St & Nevins St,21906,22917
40.67919439999999,-73.95879029999998,3546.0,Pacific St & Classon Ave,3741,3528
40.67927879999999,-73.98154004,3419.0,Douglass St & 4 Ave,23775,24840
40.6793307,-73.97519523,3415.0,Prospect Pl & 6 Ave,23401,23541
40.6794268,-73.92989109999998,3042.0,Fulton St & Utica Ave,17437,17346
40.67943270000001,-74.00785041,3393.0,Richards St & Delavan St,6534,6926
40.6794388,-73.96804379999998,3558.0,Bergen St & Vanderbilt Ave,15252,14859
40.6795766,-73.97854971,3417.0,Baltic St & 5 Ave,29783,30716
40.6800105,-73.938475,3044.0,Albany Ave & Fulton St,6646,6289
40.6802133,-73.98432695,3420.0,Douglass St & 3 Ave,27107,28337
40.680342423,-73.9557689392,396.0,Lefferts Pl & Franklin Ave,29439,28713
40.680356084043396,-73.94767910242079,3249.0,Verona Pl & Fulton St,15358,15292
40.6804836,-73.9646795,3544.0,Underhill Ave & Pacific St,10014,9783
40.680611,-73.99475825,3382.0,Carroll St & Smith St,40376,40677
40.68061768455451,-73.94624948501588,3229.0,Marcy Ave & MacDonough St,394,367
40.680944723477296,-73.97567331790923,3414.0,Bergen St & Flatbush Ave,28888,28894
40.6809591,-73.99905709,3386.0,1 Pl & Clinton St,18251,17865
40.68097410000001,-73.97100970000002,3537.0,Carlton Ave & Dean St,10862,10764
40.6809833854,-73.9500479759,437.0,Macon St & Nostrand Ave,42477,41081
40.68121170000001,-74.00860912,3392.0,Commerce St & Van Brunt St,8872,9669
40.6814598,-73.934903,3043.0,Lewis Ave & Decatur St,9186,9048
40.68199044270703,-73.99079024791719,3332.0,Degraw St & Hoyt St,13359,13569
40.68216564,-73.95399026,436.0,Hancock St & Bedford Ave,18043,15570
40.68223166,-73.9614583,365.0,Fulton St & Grand Ave,30049,28287
40.68236870000001,-73.944118,3047.0,Halsey St & Tompkins Ave,17931,17795
40.682601,-73.938037,3046.0,Marcus Garvey Blvd & Macon St,13437,13577
40.6827549,-73.98258555,3413.0,Wyckoff St & 3 Ave,18745,18978
40.6828003,-73.99990419,3388.0,President St & Henry St,19358,19486
40.6829151,-73.99318208,3329.0,Degraw St & Smith St,21824,22005
40.6830456,-74.00348559,3389.0,Carroll St & Columbia St,22381,23128
40.683048,-73.964915,384.0,Fulton St & Washington Ave,28981,28983
40.6831164,-73.99785267,3321.0,Clinton St & Union St,24128,23923
40.68312489,-73.97895137,467.0,Dean St & 4 Ave,61585,63705
40.68322254161596,-73.9738118648529,3719.0,S Portland Ave & Atlantic Ave,222,257
40.68323865460341,-73.96599590778352,3637.0,Fulton St & Waverly Ave,17861,17710
40.68382604,-73.97632328,83.0,Atlantic Ave & Fort Greene Pl,41760,43868
40.68402,-73.94977,3048.0,Putnam Ave & Nostrand Ave,12380,12285
40.68415748,-73.96922273,397.0,Fulton St & Clermont Ave,24669,21774
40.6843549,-73.98901629,3421.0,Hoyt St & Warren St,10118,10464
40.6845683,-73.95881081,289.0,Monroe St & Classon Ave,20393,13768
40.68461653897949,-73.98721285164356,3720.0,Wyckoff St & Bond St,62,72
40.6847514,-73.99917254,3315.0,Henry St & Degraw St,35839,36162
40.684868747593924,-74.02544975280763,3036.0,8D OPS 01,8,8
40.68488,-73.96304,3049.0,Cambridge Pl & Gates Ave,17868,17763
40.6849668,-73.98620772,3411.0,Bond St & Bergen St,25498,25751
40.6849894,-73.99440329,3303.0,Butler St & Court St,19947,20007
40.68506807308177,-73.97790759801863,3429.0,Hanson Pl & Ashland Pl,89147,89639
40.68512559515415,-74.02535319328308,3479.0,Picnic Point,8877,8821
40.6851443,-73.95380904,344.0,Monroe St & Bedford Ave,27956,26404
40.6851532,-73.94111,3050.0,Putnam Ave & Throop Ave,16153,15477
40.68515959989177,-73.97711366415024,3222.0,Hanson Pl & St Felix St,15253,16021
40.6853761,-73.98302136,3412.0,Pacific St & Nevins St,20490,20482
40.68539567,-73.97431458,353.0,S Portland Ave & Hanson Pl,29483,29233
40.6859296,-74.00242364,3422.0,Columbia St & Degraw St,24691,25564
40.6861758,-73.99645295,3308.0,Kane St & Clinton St,26907,27073
40.686203000000006,-73.944694,3241.0,Monroe St & Tompkins Ave,18105,17583
40.686312,-73.935775,3052.0,Lewis Ave & Madison St,20829,20568
40.686371,-73.99383324,3298.0,Warren St & Court St,27177,27238
40.6864442,-73.98759104,3410.0,Dean St & Hoyt St,19672,20066
40.68650065,-73.96563307,275.0,Washington Ave & Greene Ave,26377,23454
40.6867443,-73.99063168,3409.0,Bergen St & Smith St,72719,75097
40.68676793,-73.95928168,120.0,Lexington Ave & Classon Ave,26551,24304
40.68680820503432,-73.98036181926726,3455.0,Schermerhorn St & 3 Ave,9875,10155
40.68683208,-73.9796772,298.0,3 Ave & Schermerhorn St,15662,16326
40.68691865,-73.976682,274.0,Lafayette Ave & Fort Greene Pl,45073,47682
40.686931,-74.016966,3182.0,Yankee Ferry Terminal,22889,22897
40.68753406,-73.97265183,416.0,Cumberland St & Lafayette Ave,37675,33442
40.68763155,-74.0016256,3311.0,Columbia St & Kane St,22771,23585
40.68764484,-73.96968902,420.0,Clermont Ave & Lafayette Ave,26412,21346
40.68807003,-73.98410637,395.0,Bond St & Schermerhorn St,22498,22791
40.6881529,-73.99520919,3408.0,Congress St & Clinton St,30726,30902
40.688226,-73.979382,243.0,Fulton St & Rockwell Pl,33267,42962
40.68833370000001,-73.950916,3055.0,Greene Ave & Nostrand Ave,15372,14662
40.68841742754083,-73.98451656103134,3486.0,Schermerhorn St & Bond St,27126,27636
40.68851534,-73.9647628,399.0,Lafayette Ave & St James Pl,41448,27527
40.68900443,-73.96023854,364.0,Lafayette Ave & Classon Ave,36239,34050
40.68926942,-73.98912867,310.0,State St & Smith St,49863,51220
40.68940747,-73.96885458,258.0,DeKalb Ave & Vanderbilt Ave,46982,37629
40.6894932,-73.942061,3054.0,Greene Ave & Throop Ave,14488,14183
40.68962188790333,-73.98304268717766,3232.0,Bond St & Fulton St,45035,54274
40.68981035,-73.97493121,241.0,DeKalb Ave & S Portland Ave,37755,35060
40.689888,-73.981013,324.0,DeKalb Ave & Hudson Ave,58837,87002
40.6900815,-73.94791500000002,3053.0,Marcy Ave & Lafayette Ave,10195,9504
40.6902375,-73.99203074,3402.0,Court St & State St,53025,53289
40.6906495,-73.95643107,409.0,DeKalb Ave & Skillman St,22317,20841
40.69072549,-73.95133465,3056.0,Kosciuszko St & Nostrand Ave,14558,14053
40.69089272,-73.99612349,157.0,Henry St & Atlantic Ave,53297,54659
40.69102925677968,-73.99183362722397,3242.0,Schermerhorn St & Court St,46167,46407
40.69128258,-73.9452416,3057.0,Kosciuszko St & Tompkins Ave,17945,17810
40.69165183,-73.99997859999998,398.0,Atlantic Ave & Furman St,56218,60734
40.6917823,-73.97372990000002,262.0,Washington Park,32199,27343
40.69196035,-73.96536851,244.0,Willoughby Ave & Hall St,43021,40214
40.69196566,-73.9813018,239.0,Willoughby St & Fleet St,62518,57972
40.69221589,-73.9842844,390.0,Duffield St & Willoughby St,44917,44623
40.69231660719192,-74.01486575603484,3254.0,Soissons Landing,23014,23106
40.69236178,-73.98631746,323.0,Lawrence St & Willoughby St,70706,70030
40.69237074,-73.93705428,3058.0,Lewis Ave & Kosciuszko St,15309,14549
40.69239502,-73.99337909,143.0,Clinton St & Joralemon St,59411,59375
40.692418292578466,-73.98949474096298,3440.0,Fulton St & Adams St,52894,52633
40.69308257,-73.97178913,270.0,Adelphi St & Myrtle Ave,47145,45947
40.693261,-73.968896,366.0,Clinton Ave & Myrtle Ave,60083,59440
40.69327018,-73.97703874,245.0,Myrtle Ave & St Edwards St,19969,17208
40.69331716,-73.95381995,373.0,Willoughby Ave & Walworth St,15351,16012
40.6933982,-73.939877,3059.0,Pulaski St & Marcus Garvey Blvd,9457,9251
40.69363137,-73.96223558,354.0,Emerson Pl & Myrtle Ave,35132,34788
40.69383,-73.990539,314.0,Cadman Plaza West & Montague St,38000,34871
40.69425403,-73.94626915,3060.0,Willoughby Ave & Tompkins Ave,13298,13324
40.694281141397326,-73.99230033159256,3246.0,Montague St & Clinton St,13754,13779
40.69452800000001,-73.958089,372.0,Franklin Ave & Myrtle Ave,7637,7631
40.694546087246025,-73.95801365375519,372.0,Franklin Ave & Myrtle Ave,9262,9063
40.69474881,-73.98362464,261.0,Johnson St & Gold St,40746,41208
40.69475701363877,-73.99052739143372,233.0,Cadman Plaza W & Pierrepont St,3182,2786
40.695065,-73.987167,392.0,Jay St & Tech Pl,55916,58478
40.69512845,-73.99595065,406.0,Hicks St & Montague St,56946,53729
40.69527008,-73.95238108,3063.0,Nostrand Ave & Myrtle Ave,10203,10752
40.69539817,-73.94954908,3062.0,Myrtle Ave & Marcy Ave,17253,17573
40.69573398,-73.97129668,421.0,Clermont Ave & Park Ave,18818,17491
40.69580705,-73.97355569,419.0,Carlton Ave & Park Ave,22921,22483
40.69597683,-73.99014892,232.0,Cadman Plaza E & Tillary St,42666,41868
40.69608941,-73.97803415,119.0,Park Ave & St Edwards St,8836,9789
40.69610226,-73.96751037,313.0,Washington Ave & Park Ave,38467,40677
40.696192,-73.991218,322.0,Clinton St & Tillary St,40573,39491
40.69622937,-73.94371094,3061.0,Throop Ave & Myrtle Ave,8536,8148
40.69681963,-73.93756926,3064.0,Myrtle Ave & Lewis Ave,36672,37039
40.69760127,-73.99344559,391.0,Clark St & Henry St,73875,60333
40.69766564,-73.98476437,278.0,Concord St & Bridge St,24733,23989
40.697787,-73.973736,242.0,Carlton Ave & Flushing Ave,34361,37379
40.69794,-73.96986848,343.0,Clinton Ave & Flushing Ave,29754,33466
40.69795031569544,-73.97077560424805,3648.0,Flushing Ave & Vanderbilt Ave,13807,15452
40.69839895,-73.98068914,144.0,Nassau St & Navy St,22692,25434
40.698617,-73.941342,3179.0,Park Ave & Marcus Garvey Blvd,9446,9416
40.69878,-73.99712,3180.0,Brooklyn Bridge Park - Pier 2,32999,33064
40.69957608,-73.94708417,3066.0,Tompkins Ave & Hopkins St,14511,14917
40.699773,-73.979927,2001.0,Sands St & Navy St,10210,11968
40.69991755,-73.98971773,321.0,Cadman Plaza E & Red Cross Pl,58170,56177
40.6999974843885,-73.97440128028394,3692.0,5 St & Market St,1769,1885
40.70029511,-73.95032283,3065.0,Union Ave & Wallabout St,10881,10861
40.70037867,-73.99548059,216.0,Columbia Heights & Cranberry St,22376,18305
40.700469,-73.991454,407.0,Henry St & Poplar St,28741,26441
40.70122128,-74.01234218,259.0,South St & Whitehall St,84769,86633
40.70140317257725,-73.98672670125961,3674.0,Jay St & York St,27609,28624
40.7014851,-73.98656928,430.0,York St & Jay St,61027,62647
40.7016657,-73.9437303,3067.0,Broadway & Whipple St,19291,20215
40.701907,-74.013942,427.0,Bus Slip & State St,73229,76367
40.70224,-73.982578,418.0,Front St & Gold St,31001,34421
40.70255065,-74.0127234,534.0,Water - Whitehall Plaza,55449,58006
40.70255088,-73.98940236,2000.0,Front St & Washington St,78403,83837
40.70277159,-73.99383605,217.0,Old Fulton St,86356,101710
40.70281858,-73.98765762,414.0,Pearl St & Anchorage Pl,48451,53513
40.7031724,-73.940636,3068.0,Humboldt St & Varet St,20803,22268
40.70355377,-74.00670227,315.0,South St & Gouverneur Ln,119573,121102
40.70365182,-74.01167797,260.0,Broad St & Bridge St,41045,44821
40.70379920000001,-74.00838676,337.0,Old Slip & Front St,53567,59275
40.70411791,-73.94818595,3069.0,Lorimer St & Broadway,11942,12439
40.70463334,-74.01361706,304.0,Broadway & Battery Pl,138728,156603
40.7047177,-74.00926027,415.0,Pearl St & Hanover Square,68872,74529
40.70510918,-73.94407279,3070.0,McKibbin St & Manhattan Ave,12874,12995
40.70530954,-74.00612572,351.0,Front St & Maiden Ln,71587,72822
40.70531194,-73.97100056,2005.0,Railroad Ave & Kay Ave,3721,4346
40.70538077,-73.94976519,3071.0,Boerum St & Broadway,16189,16512
40.70569254,-74.01677685,2008.0,Little West St & 1 Pl,150751,150702
40.70583339,-73.94644578,3072.0,Leonard St & Boerum St,13434,13590
40.70684203101325,-73.9544353965357,3714.0,Division Av & Hooper St,659,607
40.70691254,-73.95441667,3073.0,Division Ave & Hooper St,13833,13498
40.70706456,-74.00731853,264.0,Maiden Ln & Pearl St,65645,66755
40.70708701,-73.95796783,3075.0,Division Ave & Marcy Ave,8372,7783
40.70717936,-74.00887308,360.0,William St & Pine St,63381,63172
40.7076449441757,-73.96841526031494,282.0,Kent Ave & S 11 St,47748,47932
40.70767788,-73.94016171,3074.0,Montrose Ave & Bushwick Ave,34741,35859
40.707731483954696,-73.93452286720277,3636.0,Expansion Warehouse 333 Johnson Ave,11,23
40.707873,-74.00166999999998,279.0,Peck Slip & Front St,103725,106168
40.70823502,-74.00530063,306.0,Cliff St & Fulton St,49849,50586
40.70823502,-74.00530063,306.0,Cliff St & Fulton St_1,14957,14996
40.70827295,-73.96834101,282.0,Kent Ave & S 11 St,1891,1902
40.70831794366396,-74.0050408244133,3701.0,Cliff St & Fulton St,11914,12137
40.70834698,-74.01713445,363.0,West Thames St,115186,116010
40.70853074,-73.96408963,443.0,Bedford Ave & S 9 St,14465,11242
40.70861098096821,-73.92850399017334,3266.0,Kiosk in a box Deployment,7,6
40.70862144,-74.00722156,376.0,John St & William St,66949,67500
40.70870368,-73.9448625,3076.0,Scholes St & Manhattan Ave,25066,25081
40.70877084,-73.95095259,3077.0,Stagg St & Union Ave,34521,34236
40.70905623,-74.01043382,195.0,Liberty St & Broadway,117223,116593
40.70924826276157,-73.96063148975372,3078.0,Broadway & Roebling St,30537,29142
40.70925562,-73.95982218,3078.0,Broadway & Roebling St,13437,12766
40.70934000000001,-73.95608,3080.0,S 4 St & Rodney St,26727,26370
40.70955958,-74.00653609,316.0,Fulton St & William St,61690,61733
40.71015471094912,-73.98453533649443,3683.0,Smart Cities Conference,91,78
40.71036854235229,-73.94705951213838,3454.0,Leonard St & Maujer St,16622,16480
40.71044554,-73.96525063,389.0,Broadway & Berry St,56216,53983
40.710451,-73.960876,532.0,S 5 Pl & S 4 St,68244,62891
40.710451,-73.960876,532.0,S 5 Pl & S 5 St,37860,33893
40.710699946313866,-74.00354146957396,3489.0,Gold St & Frankfort St,17524,17706
40.71076228,-73.99400398,408.0,Market St & Cherry St,49025,49617
40.71103537,-73.94714303,3079.0,Leonard St & Grand St,7520,7605
40.711066,-74.009447,319.0,Fulton St & Broadway,105112,105291
40.71117416,-74.00016545,82.0,St James Pl & Pearl St,31122,31647
40.71117444,-73.99682619,2009.0,Catherine St & Monroe St,60996,62076
40.71146364,-74.00552427,224.0,Spruce St & Nassau St,29476,29238
40.711512,-74.01575600000002,3002.0,South End Ave & Liberty St,222978,223413
40.71167351,-73.95141312,3082.0,Hope St & Union Ave,39670,39475
40.71173107,-73.99193043,331.0,Pike St & Monroe St,46756,46953
40.711863,-73.944024,3081.0,Graham Ave & Grand St,24820,24483
40.71219906,-73.97948148,332.0,Cherry St,50076,50203
40.71247661,-73.94100005,3083.0,Bushwick Ave & Powers St,28448,28064
40.71260486,-73.96264403,481.0,S 3 St & Bedford Ave,58118,53800
40.71269042,-73.98776323,340.0,Madison St & Clinton St,55327,55468
40.71273266,-74.0046073,387.0,Centre St & Chambers St,205219,202737
40.71285887,-73.96590294,460.0,S 4 St & Wythe Ave,87568,87719
40.71286844,-73.95698119,471.0,Grand St & Havemeyer St,46314,47007
40.71291224,-74.01020234,417.0,Barclay St & Church St,147779,148824
40.71307916,-73.99851193,308.0,St James Pl & Oliver St,65880,66405
40.713126,-73.984844,291.0,Madison St & Montgomery St,46761,46764
40.71334184275907,-74.00935515761375,3690.0,Park Pl & Church St,9216,9350
40.71335226222875,-73.9491033554077,3453.0,Devoe St & Lorimer St,22084,22109
40.71348658,-73.94792458,3084.0,Devoe St & Leonard St,6705,6640
40.71406667,-73.99293911,295.0,Pike St & E Broadway,77313,77357
40.71413089,-73.99704679999998,296.0,Division St & Bowery,90361,92437
40.71413311,-73.95234386,3087.0,Metropolitan Ave & Meeker Ave,44373,44270
40.714215,-73.981346,502.0,Henry St & Grand St,90746,91249
40.71427487,-73.98990025,307.0,Canal St & Rutgers St,134542,133930
40.71450451,-74.00562789,330.0,Reade St & Broadway,72904,73258
40.71469,-73.95739,3085.0,Roebling St & N 4 St,31512,32040
40.71473993,-74.00910627,152.0,Warren St & Church St,51659,52460
40.71485150526252,-74.01122331619263,3461.0,Murray St & Greenwich St,55600,57660
40.71494807,-74.00234482,386.0,Centre St & Worth St,76767,77544
40.7149787,-74.013012,309.0,Murray St & West St,93156,99074
40.715143,-73.944507,3086.0,Graham Ave & Conselyea St,57710,57226
40.7153379,-74.01658354,327.0,Vesey Pl & River Terrace,194716,194401
40.71534825,-73.96024116,539.0,Metropolitan Ave & Bedford Ave,104259,107714
40.71542197,-74.01121978,147.0,Greenwich St & Warren St,51430,53929
40.71559509,-73.9870295,350.0,Clinton St & Grand St,88393,88225
40.71581550000001,-73.99422366,412.0,Forsyth St & Canal St,111989,112715
40.71602118,-73.99974372,355.0,Bayard St & Baxter St,103777,105505
40.71605866,-73.99190759,361.0,Allen St & Hester St,124178,123789
40.7160751,-73.95202900000002,3088.0,Union Ave & Jackson St,20221,20396
40.71622644,-73.98261206,356.0,Bialystoker Pl & Delancey St,60316,50858
40.71625008,-74.0091059,146.0,Hudson St & Reade St,81114,82008
40.716380319735606,-73.94821286201476,3456.0,Jackson St & Leonard St,5945,5825
40.71644423134479,-73.9823305606842,3245.0,NYCBS DEPOT - DELANCEY,9,1041
40.716887,-73.96319799999998,2002.0,Wythe Ave & Metropolitan Ave,93397,97233
40.716909780459645,-73.98383796215056,3250.0,NYCBS Depot - PIT,42,491
40.7169811,-73.94485918,3094.0,Graham Ave & Withers St,22569,22281
40.7172274,-73.98802084,311.0,Norfolk St & Broome St,86429,87312
40.71729000000001,-73.996375,263.0,Elizabeth St & Hester St,17137,17156
40.717318403855785,-73.9482021331787,3089.0,Leonard St & Meeker Ave,2447,2323
40.71739973,-73.98016555,342.0,Columbia St & Rivington St,56793,56498
40.71745169,-73.95850939,3093.0,N 6 St & Bedford Ave,108150,110876
40.71748752,-74.0104554,276.0,Duane St & Greenwich St,66754,67403
40.71754834,-74.01322069,426.0,West St & Chambers St,298385,316999
40.717571,-74.005549,320.0,Leonard St & Church St,77688,78401
40.71759081805981,-73.99622440338135,263.0,Elizabeth St & Hester St,14408,14137
40.71764,-73.94882,3091.0,Frost St & Meeker St,15994,15580
40.71774592,-73.95600096,3090.0,N 8 St & Driggs Ave,86567,88736
40.71782143,-73.97628939,341.0,Stanton St & Mangin St,47327,47817
40.71816969454208,-73.95520135760306,3715.0,Driggs Ave & N 9 St,2707,2795
40.71850211,-73.98329859,349.0,Rivington St & Ridge St,58249,57527
40.71870987,-74.0090009,249.0,Harrison St & Hudson St,57020,57447
40.718822,-73.99596,3435.0,Grand St & Elizabeth St,143003,142475
40.71893904,-73.99266288,531.0,Forsyth St & Broome St,142254,141751
40.7190095,-73.95852515,3092.0,Berry St & N 8 St,68245,69042
40.71907891179564,-73.94223690032959,3430.0,Richardson St & N Henry St,24608,24528
40.71910537,-73.99973337,268.0,Howard St & Centre St,117753,118288
40.71911552,-74.00666661,79.0,Franklin St & W Broadway,80317,81659
40.71915571696044,-73.94885390996933,3452.0,Bayard St & Leonard St,14778,14641
40.71921585,-73.94244690000002,3097.0,N Henry St & Richardson St,1990,1973
40.71924,-73.95241999999998,3096.0,Union Ave & N 12 St,46236,46456
40.71925170740989,-74.03423398733139,3197.0,Hs Don't Use,34,6
40.71926081,-73.98178024,400.0,Pitt St & Stanton St,26353,26195
40.71928,-73.94861,3098.0,Leonard St & Bayard St,5592,5380
40.71929301,-73.94500379,3095.0,Graham Ave & Herbert St,16836,16615
40.71939226,-74.00247214,257.0,Lispenard St & Broadway,100152,102446
40.72015227023285,-74.01036500930786,329.0,Greenwich St & North Moore St,13384,13376
40.72019521437465,-74.0103006362915,3664.0,North Moore St & Greenwich St,40288,42284
40.72019576,-73.98997825,401.0,Allen St & Rivington St,138190,136938
40.72036775298455,-73.96165072917937,3016.0,Kent Ave & N 7 St,108229,113988
40.72043411,-74.01020609,329.0,Greenwich St & N Moore St,18147,18358
40.72057658,-73.96150225,3104.0,Kent Ave & N 7 St,1798,1973
40.72057658,-73.96150225,3104.0,KentAve&N7 St,1433,1579
40.72066442,-73.98517977,410.0,Suffolk St & Stanton St,139704,140541
40.720725534125954,-73.9612591266632,3016.0,Kent Ave & N 7 St,409,407
40.72079821,-73.95484712,3101.0,N 12 St & Bedford Ave,41354,41041
40.72082834,-73.97793172,302.0,Avenue D & E 3 St,61580,62180
40.7208736,-73.98085795,150.0,E 2 St & Avenue C,80500,79526
40.72110063,-73.99192540000001,473.0,Rivington St & Chrystie St,87689,89225
40.721319,-74.010065,3436.0,Greenwich St & Hubert St,37797,37955
40.72146256229816,-73.94800901412964,3449.0,Eckford St & Engert Ave,10304,10263
40.72152240339303,-73.94898265600203,3099.0,Leonard St & Manhattan Ave,4042,3873
40.72153267,-73.95782357,3103.0,N 11 St & Wythe Ave,24095,24388
40.72165481,-74.00234737,2010.0,Grand St & Greene St,98932,101882
40.72179134,-73.95041540000003,3102.0,Driggs Ave & Lorimer St,30973,30635
40.72185379,-74.00771779,248.0,Laight St & Hudson St,35518,35684
40.722055,-73.989111,312.0,Allen St & E Houston St,4267,3693
40.722055,-73.989111,312.0,Allen St & Stanton St,139182,138810
40.72210378668603,-73.99724900722505,151.0,Cleveland Pl & Spring St,229523,231834
40.72217444,-73.98368779,301.0,E 2 St & Avenue B,129848,135031
40.72228087,-73.97668709,411.0,E 6 St & Avenue D,56336,56210
40.72229346,-73.99147535,265.0,Stanton St & Chrystie St,131611,134051
40.72243797,-74.00566443,377.0,6 Ave & Canal St,112233,119945
40.72248188638219,-73.95921930670737,3693.0,N 11 St & Kent Ave,5608,5761
40.722852,-73.959114,3014.0,3969.TEMP (Bike The Branches - Central Branch),9,3
40.72299208,-73.97995466,393.0,E 5 St & Avenue C,63849,64462
40.72307749068673,-73.98583620786667,3656.0,E 2 St & Avenue A,39032,39350
40.72311651,-73.95212324,3107.0,Bedford Ave & Nassau Ave,73151,73703
40.72317958,-73.99480012,251.0,Mott St & Prince St,154285,156700
40.72325,-73.94308000000002,3106.0,Driggs Ave & N Henry St,38355,38025
40.72362738,-73.99949601,303.0,Mercer St & Spring St,101313,105790
40.72368361,-73.97574813,266.0,Avenue D & E 8 St,44093,41756
40.7239567849954,-73.94984364509583,3668.0,Leonard St & Nassau Ave,12543,12580
40.724055,-73.955736,3105.0,N 15 St & Wythe Ave,20300,20423
40.72405549,-74.00965965,328.0,Watts St & Greenwich St,101792,102263
40.72430527250332,-73.99600982666016,3427.0,Lafayette St & Jersey St,144732,146469
40.724399,-74.004704,2004.0,6 Ave & Broome St,32516,33073
40.72453734,-73.98185424,317.0,E 6 St & Avenue B,113910,115282
40.72456089,-73.99565293,250.0,Lafayette St & Jersey St,31255,32101
40.72456089,-73.99565293,250.0,Lafayette St & Jersey St N,4249,4352
40.7245634290432,-73.9894437789917,3265.0,E 2 St & 2 Ave,16132,16286
40.7245634290432,-73.9894437789917,3265.0,E 2 St & 2 Ave E,3336,3432
40.72467721,-73.98783413,428.0,E 3 St & 1 Ave,84264,84271
40.724812564400175,-73.94752621650694,3100.0,Nassau Ave & Newell St,34125,34104
40.72490985,-74.00154702,348.0,W Broadway & Spring St,75587,80191
40.72494672359416,-74.00165855884552,3467.0,W Broadway & Spring Street,52757,55896
40.72502876,-73.99069656,403.0,E 2 St & 2 Ave,83495,84832
40.725208,-73.974724,3485.0,NYCBS Depot - RIS,45,79
40.72521311,-73.97768752,394.0,E 9 St & Avenue C,107707,105614
40.7252556952547,-74.00412082672119,3474.0,6 Ave & Spring St,53238,54414
40.72557000000001,-73.94434,3108.0,Nassau Ave & Russell St,46414,46334
40.725769967272136,-73.9507395029068,3476.0,Norman Ave & Leonard St,4418,4445
40.72580614,-73.97422494,339.0,Avenue D & E 12 St,35140,30542
40.7258483,-73.95064893,3111.0,Norman Ave & Leonard St,9289,9240
40.7258483,-73.95064893,3111.0,Norman Ave & Leonard St - 2,3581,3600
40.72606,-73.95621,3109.0,Banker St & Meserole Ave,39524,40176
40.72621788,-73.98379855,432.0,E 7 St & Avenue A,185250,193170
40.7262807,-73.98978041,439.0,E 4 St & 2 Ave,108792,110195
40.72679454,-73.99695094,375.0,Mercer St & Bleecker St,5684,6030
40.72679454,-73.99695094,375.0,Mercer St & Bleecker St S,75,76
40.72686951528207,-73.9891903102398,3695.0,E 5 St & 2 Ave,9385,9518
40.72706363348306,-73.99662137031554,3260.0,Mercer St & Bleecker St,132175,134873
40.72708584,-73.95299117,3110.0,Meserole Ave & Manhattan Ave,51186,51376
40.72710258,-74.00297088,128.0,MacDougal St & Prince St,183116,187341
40.72740794,-73.98142006,445.0,E 10 St & Avenue A,174660,182599
40.72743423,-73.99379025,229.0,Great Jones St,215676,221242
40.727464206923926,-73.97950418293476,3718.0,E 11 St & Avenue B,2014,1854
40.7277140777778,-74.01129573583603,3256.0,Pier 40 - Hudson River Park,137154,137010
40.72779126,-73.98564945,438.0,St Marks Pl & 1 Ave,127302,129067
40.728048571362606,-73.97881150245668,3632.0,E 12 St & Avenue B,46345,48864
40.728145,-73.990214,300.0,Shevchenko Pl & E 7 St,21777,22200
40.72840059450829,-73.99968780577183,3705.0,Thompson St & Bleecker St,7572,7627
40.7284186,-73.98713956,236.0,St Marks Pl & 2 Ave,154088,158313
40.728846,-74.00859100000002,347.0,Greenwich St & W Houston St,155913,159111
40.72903917,-73.99404649,335.0,Washington Pl & Broadway,123462,126464
40.72906,-73.95779,3112.0,Milton St & Franklin St,78692,81111
40.72917025,-73.99810231,161.0,LaGuardia Pl & W 3 St,147745,151619
40.729193,-73.97665500000002,3219.0,NYCBS Depot - STY,323,1317
40.72923649910006,-73.99086803197861,3263.0,Cooper Square & E 7 St,113138,114639
40.72938685,-73.97772429,511.0,E 14 St & Avenue B,82790,73416
40.729514962249496,-73.99075269699097,3263.0,Cooper Square & Astor Pl,91636,93175
40.72953837,-73.98426726,326.0,E 11 St & 1 Ave,135611,135660
40.72955361,-73.98057249,433.0,E 13 St & Avenue A,139168,134633
40.72955361,-73.98057249,433.0,old - E 13 St & Avenue A,2529,2633
40.72966729392978,-73.98067966103555,3711.0,E 13 St & Avenue A,12656,12816
40.73020660529954,-73.99102628231049,293.0,Lafayette St & E 8 St,160706,163634
40.73026,-73.95394,3113.0,Greenpoint Ave & Manhattan Ave,49802,50077
40.73028666,-73.9907647,293.0,Lafayette St & E 8 St,50665,51533
40.73038010000001,-73.9747502,3468.0,NYCBS Depot - STY - Garage 4,508,859
40.73038599,-74.00214988,368.0,Carmine St & 6 Ave,241084,245700
40.73047309,-73.98672378,237.0,E 11 St & 2 Ave,160596,162435
40.73047747,-73.99906065,336.0,Sullivan St & Washington Sq,139304,143979
40.73049393,-73.99572140000002,294.0,Washington Square E,2,2
40.73143724085228,-73.99490341544151,3244.0,University Pl & E 8 St,125338,125698
40.73165141,-73.96161892,3114.0,India St & East River,4075,4293
40.73172428,-74.00674436,127.0,Barrow St & Hudson St,179543,181068
40.73181401720966,-73.95995020866394,3469.0,India St & West St,11362,11654
40.73221853,-73.98165557,504.0,1 Ave & E 15 St,27600,28026
40.73221853,-73.98165557,504.0,1 Ave & E 16 St,159161,160252
40.73223272,-73.98889957,483.0,E 12 St & 3 Ave,167140,168345
40.73224119,-74.00026394,369.0,Washington Pl & 6 Ave,89698,90463
40.73226398,-73.99852205,252.0,MacDougal St & Washington Sq,105031,106612
40.73232194,-73.9550858,3115.0,India St & Manhattan Ave,40504,41014
40.73261787,-73.99158043,357.0,E 11 St & Broadway,83817,83795
40.73266,-73.95826,3116.0,Huron St & Franklin St,42925,43687
40.73291553,-74.00711384,358.0,Christopher St & Greenwich St,221576,223989
40.73314259,-73.97573881,487.0,E 20 St & FDR Drive,142141,133761
40.73331967,-73.99510132,280.0,E 10 St & 5 Ave,88084,88862
40.73381219196632,-73.9805442094803,2003.0,1 Ave & E 18 St,135997,134417
40.73401143,-74.00293877,380.0,W 4 St & 7 Ave S,155253,157448
40.734232,-73.986923,297.0,E 15 St & 3 Ave,163941,164182
40.73454567,-73.99074142,285.0,Broadway & E 14 St,259724,261640
40.73492695,-73.99200509,382.0,University Pl & E 14 St,217300,224424
40.735238,-74.000271,383.0,Greenwich Ave & Charles St,140107,142639
40.73524276,-73.98758561,475.0,E 16 St & Irving Pl,43492,43696
40.73532427,-73.99800419,254.0,W 11 St & 6 Ave,90640,91192
40.73535398,-74.00483091,247.0,Perry St & Bleecker St,75849,76298
40.735367055605394,-73.98797392845155,3463.0,E 16 St & Irving Pl,66283,66539
40.73543934,-73.99453948,253.0,W 13 St & 5 Ave,98099,98884
40.73543934,-73.99453948,253.0,W 13 St & 5 Ave -moved to 5947.04,1635,1644
40.73555,-73.95284000000002,3118.0,McGuinness Blvd & Eagle St,37082,36833
40.73564,-73.95866,3117.0,Franklin St & Dupont St,29811,30084
40.73587678,-73.98205027,461.0,E 20 St & 2 Ave,155997,155780
40.7361967,-74.00859207,238.0,Bank St & Washington St,89548,90181
40.73624527,-73.98473765,325.0,E 19 St & 3 Ave,107315,107266
40.73649403,-73.99704374,345.0,W 13 St & 6 Ave,131094,131345
40.736502,-73.97809472,545.0,E 23 St & 1 Ave,143633,143639
40.73652889,-74.00618026,346.0,Bank St & Hudson St,115406,116281
40.73704984,-73.99009296,497.0,E 17 St & Broadway,320587,332999
40.73726186,-73.99238967,496.0,E 16 St & 5 Ave,172757,176283
40.73756121181137,-74.00398269295692,3684.0,W 12 St & W 4 St,26428,26673
40.73781509,-73.99994661,223.0,W 13 St & 7 Ave,86875,87915
40.73804614248277,-73.99642959237099,3709.0,W 15 St & 6 Ave,7149,7365
40.7381765,-73.97738662,174.0,E 25 St & 1 Ave,114905,113973
40.73827428,-73.98751968,503.0,E 20 St & Park Ave,136227,136880
40.7390169121,-74.0026376103,284.0,Greenwich Ave & 8 Ave,172042,176824
40.73912601,-73.97973776,507.0,E 25 St & 2 Ave,161124,158858
40.739323,-74.008119,405.0,Washington St & Gansevoort St,145328,145770
40.73935542,-73.99931783,482.0,W 15 St & 7 Ave,169362,172942
40.739445,-73.97680600000002,2012.0,E 27 St & 1 Ave,109126,108370
40.73944820130404,-74.00507032871245,3686.0,Gansevoort St & Hudson St,40119,40788
40.73971301,-73.99456405,168.0,W 18 St & 6 Ave,216062,222009
40.73997354103409,-74.00513872504234,3224.0,W 13 St & Hudson St,123386,128862
40.74025878,-73.98409214,537.0,Lexington Ave & E 24 St,163798,163297
40.74034320000001,-73.98955109,402.0,Broadway & E 22 St,311546,330545
40.74096374,-73.98602213,491.0,E 24 St & Park Ave S,175027,178962
40.740983,-74.00170200000002,3428.0,8 Ave & W 16 St,68884,69189
40.74102150900266,-74.001384973526,3660.0,W 16 St & 8 Ave,63116,63502
40.74128309355993,-73.93725872039794,3647.0,48 Ave & 30 Pl,2383,2399
40.74144387,-73.97536082,536.0,1 Ave & E 30 St,134320,133763
40.74161,-73.96044,3120.0,Center Blvd & Borden Ave,15633,16226
40.74173969,-73.99415556,435.0,W 21 St & 6 Ave,315021,318878
40.74177603,-74.00149746,116.0,W 17 St & 8 Ave,92549,94137
40.74195138,-74.00803013,225.0,W 14 St & The High Line,47739,51124
40.74206539,-74.00443172,463.0,9 Ave & W 16 St,15095,15270
40.74232744,-73.95411749,3119.0,Vernon Blvd & 50 Ave,69432,69833
40.7423543,-73.98915076,444.0,Broadway & W 24 St,125636,122205
40.7423737,-73.9566,3608.0,5 St & 51 Ave,3694,3706
40.74238787,-73.99726235,334.0,W 20 St & 7 Ave,148264,148920
40.74252,-73.948852,3606.0,49 Ave & 21 St,4373,4381
40.742753828659026,-74.00747358798982,3472.0,W 15 St & 10 Ave,56681,60968
40.74286877312112,-73.98918628692627,3641.0,Broadway & W 25 St,91130,91542
40.74290902,-73.97706058,528.0,2 Ave & E 31 St,127888,127075
40.7429489166009,-74.00413691997528,3659.0,W 17 St & 9 Ave,33174,34412
40.743,-73.93561,3221.0,47 Ave & 31 St,11042,11323
40.74311555376486,-73.98215353488922,540.0,Lexington Ave & E 29 St,141838,142313
40.74317449,-74.00366443,434.0,9 Ave & W 18 St,94083,96219
40.74322681432173,-73.97449783980845,3687.0,E 33 St & 1 Ave,30557,30526
40.74334935,-74.00681753,212.0,W 16 St & The High Line,145440,146692
40.74345335,-74.00004031,470.0,W 20 St & 8 Ave,119019,120427
40.7435337324616,-74.00367558002472,3658.0,W 18 St & 9 Ave,27061,27365
40.7437524099784,-73.94176483154297,3704.0,47 Ave & Skillman Ave,224,243
40.74394314,-73.97966069,476.0,E 31 St & 3 Ave,131707,130414
40.74395411,-73.99144871,466.0,W 25 St & 6 Ave,164329,165580
40.744023,-73.976056,527.0,E 33 St & 2 Ave,140872,137911
40.744219,-73.97121214,501.0,FDR Drive & E 35 St,120083,122093
40.74436328706688,-73.95587325096129,3122.0,48 Ave & 5 St,16989,17513
40.74444921,-73.98303529,546.0,E 30 St & Park Ave S,127173,127534
40.74469738,-73.93540375,3123.0,31 St & Thomson Ave,9622,9777
40.74475148,-73.99915362,453.0,W 22 St & 8 Ave,159993,161607
40.74487634,-73.99529885,446.0,W 24 St & 7 Ave,187212,187808
40.7449067,-73.9534573,3611.0,Vernon Blvd & 47 Rd,7797,7908
40.745038,-73.957539,3613.0,Center Blvd & 48 Ave,9241,9278
40.7451677,-73.98683077,474.0,5 Ave & E 29 St,136793,136718
40.74524768,-73.94733276,3121.0,Jackson Ave & 46 Rd,15719,15764
40.7454973,-74.00197139,509.0,9 Ave & W 22 St,183189,186443
40.74571210000001,-73.98194829,472.0,E 32 St & Park Ave,179185,178440
40.7462009,-73.98855723,486.0,Broadway & W 29 St,168817,168644
40.746524,-73.977885,3431.0,E 35 St & 3 Ave,66427,66381
40.746647,-73.993915,442.0,W 27 St & 7 Ave,170092,170945
40.746745,-74.007756,459.0,W 20 St & 11 Ave,245692,258157
40.74691959,-74.00451887,462.0,W 22 St & 10 Ave,166197,169188
40.74708586,-73.94977234,3125.0,45 Rd & 11 St,30041,30382
40.74718234,-73.9432635,3126.0,44 Dr & Jackson Ave,34746,34667
40.74731,-73.95451,3124.0,46 Ave & 5 St,41004,41637
40.74734825,-73.99723551,494.0,W 26 St & 8 Ave,168246,169585
40.74765947,-73.98490707,526.0,E 33 St & 5 Ave,135387,134694
40.74780373,-73.97344190000003,518.0,E 39 St & 2 Ave,163791,162300
40.74800000000001,-73.94609270000002,3615.0,44 Dr & 21 St,10574,10711
40.748238,-73.978311,160.0,E 37 St & Lexington Ave,5248,5244
40.7485,-73.941275,3618.0,27 St & Hunter St,5482,5506
40.74854862,-73.98808416,498.0,Broadway & W 32 St,162512,160839
40.7489006,-73.97604882,167.0,E 39 St & 3 Ave,133022,131906
40.74901271,-73.98848395,505.0,6 Ave & W 33 St,204473,205639
40.749156,-73.9916,379.0,W 31 St & 7 Ave,218903,217568
40.74937024193277,-73.99923384189607,3259.0,9 Ave & W 28 St,82098,82716
40.74966,-73.9521,3127.0,9 St & 44 Rd,9256,9476
40.749717753,-74.002950346,388.0,W 26 St & 10 Ave,130323,133067
40.75001986,-73.96905301,455.0,1 Ave & E 44 St,87405,89332
40.7500727,-73.99839279,512.0,W 29 St & 9 Ave,2230,2250
40.75018156325681,-74.00218427181244,3258.0,W 27 St & 10 Ave,120521,121721
40.75019995,-73.99093085,492.0,W 33 St & 7 Ave,209184,220902
40.75022392,-73.97121414,2017.0,E 43 St & 2 Ave,20815,20432
40.75038009,-73.98338988,485.0,W 37 St & 5 Ave,105721,104904
40.75052534,-73.94594845,3128.0,21 St & 43 Ave,8140,8062
40.7505853470215,-73.9946848154068,3255.0,8 Ave & W 31 St,226691,230186
40.75066386,-74.00176802,489.0,10 Ave & W 28 St,11489,11601
40.75096734871597,-73.99444207549095,521.0,8 Ave & W 31 St,11304,11541
40.75096734871597,-73.99444207549095,521.0,8 Ave & W 31 St N,7804,8070
40.75097711,-73.98765428,267.0,Broadway & W 36 St,105214,103821
40.751047,-73.93796999999998,3555.0,28 St & 41 Ave,10532,10568
40.75110165,-73.94073717,3129.0,Queens Plaza North & Crescent St,64060,64679
40.75118387463277,-73.97138714790343,3462.0,E 44 St & 2 Ave,35984,36168
40.751283596962296,-73.99692445993422,3230.0,Penn Station Valet,60198,35716
40.7512836,-73.9969245,3450.0,Penn Station Valet - Valet Scan,1670,397
40.751396,-74.00522600000002,458.0,11 Ave & W 27 St,163375,169323
40.751483,-73.996764,3017.0,NYCBS Depot - FAR,17,314
40.751551,-73.993934,490.0,8 Ave & W 33 St,265504,260637
40.751581,-73.97791,517.0,Pershing Square South,154870,143403
40.75159368451112,-73.98043155670166,3234.0,E 40 St & Madison Ave,85,93
40.75172632,-73.98753523,362.0,Broadway & W 37 St,71268,68595
40.75186951421875,-73.93349289894103,3654.0,31 St & Northern Blvd,3425,3399
40.751873,-73.97770600000003,519.0,Pershing Square North,463496,457379
40.7519071,-73.94791190000002,3620.0,11 St & 43 Ave,1262,1278
40.752062306999996,-73.9816324043,153.0,E 40 St & 5 Ave,79621,74352
40.75206862,-73.96784384,516.0,E 47 St & 1 Ave,51994,52344
40.752165280621966,-73.97992193698882,3235.0,E 41 St & Madison Ave,96893,96903
40.752270938374096,-73.98770570755005,3464.0,W 37 St & Broadway,8237,8271
40.75255434,-73.97282625,440.0,E 45 St & 3 Ave,96014,95877
40.7525758,-73.9364281,3625.0,28 St & 40 Ave,2288,2217
40.7527085,-73.9397405,3556.0,24 St & 41 Ave,6405,6419
40.75272201381188,-73.98123621940613,3643.0,E 41 St & 5 Ave,12077,11674
40.752957,-74.00264,3441.0,10 Hudson Yards,7909,7989
40.75299641,-73.98721619,533.0,Broadway & W 38 St,44502,44235
40.75299641,-73.98721619,533.0,Broadway & W 39 St,52484,51794
40.7531106,-73.9279917,3561.0,37 Ave & 35 St,4528,4563
40.75323098,-73.97032517,164.0,E 47 St & 2 Ave,87852,85985
40.75325964,-73.94335788,3130.0,21 St & Queens Plaza North,11766,11880
40.7535992020056,-73.93795609474179,3716.0,40 Ave & Crescent St,107,105
40.75383343437622,-73.94267678260802,3237.0,21 St & 41 Ave,3495,3623
40.754120810779256,-73.98025184869765,3680.0,E 43 St & 5 Ave,27268,27185
40.75455731,-73.96592976,454.0,E 51 St & 1 Ave,61832,61993
40.7546011026,-73.971878855,228.0,E 48 St & 3 Ave,80689,81086
40.754623240291046,-73.99516761302948,3635.0,W 36 St & 9 Ave,33110,33282
40.75466591,-73.99138152,523.0,W 38 St & 8 Ave,221604,222142
40.754691750226016,-73.9974018931389,3712.0,W 35 St & Dyer Ave,3322,3294
40.754876,-73.934326,3560.0,28 St & 38 Ave,5342,5247
40.75500254,-73.98014437,484.0,W 44 St & 5 Ave,122842,123928
40.75510267,-73.97498696,359.0,E 47 St & Park Ave,217387,210778
40.75513557,-73.98658032,465.0,Broadway & W 41 St,159885,159696
40.7552433,-73.94856779999998,3554.0,Vernon Blvd & 41 Rd,3649,3678
40.75527307,-73.98316936,524.0,W 43 St & 6 Ave,133385,131663
40.7557327,-73.92366109999998,3570.0,35 Ave & 37 St,7166,7203
40.75594159,-74.0021163,525.0,W 34 St & 11 Ave,107775,108207
40.756014,-73.967416,441.0,E 52 St & 2 Ave,91579,91422
40.75640548,-73.9900262,477.0,W 41 St & 8 Ave,249651,252834
40.75645824,-73.99372222,488.0,W 39 St & 9 Ave,70246,73557
40.75660359,-73.9979009,448.0,W 37 St & 10 Ave,118899,118700
40.75668720603179,-73.98257732391356,3466.0,W 45 St & 6 Ave,22727,22764
40.75668720603179,-73.98257732391356,3466.0,W 45 St & 6 Ave (OLD),23869,23839
40.7568001,-73.98291153,493.0,W 45 St & 6 Ave,51326,51636
40.7568001,-73.98291153,493.0,W 45 St & 6 Ave (1),10,14
40.756913,-73.921631,3572.0,34 Ave & 38 St,11506,11483
40.75693320000001,-73.92622309999999,3568.0,34 St & 35 Ave,7070,7097
40.75714758,-73.97207836,522.0,E 51 St & Lexington Ave,79758,79196
40.757186,-73.93271899999998,3563.0,28 St & 36 Ave,5304,5254
40.75724567911726,-73.97805914282799,3233.0,E 48 St & 5 Ave,142193,146964
40.75742,-73.945133,3557.0,40 Ave & 9 St,1696,1739
40.75756989999999,-73.99098507,529.0,W 42 St & 8 Ave,134179,133399
40.7576314,-73.9391224,3559.0,21 St & 38 Ave,1470,1406
40.75763227739443,-73.9693057537079,3459.0,E 53 St & 3 Ave,50586,50681
40.7577284,-73.9166368,3597.0,43 St & Broadway,6602,6643
40.75792020879402,-73.96638214588165,3688.0,2 Ave & E 55 St,13109,13125
40.75797322,-73.96603308,385.0,E 55 St & 2 Ave,73126,73119
40.7580583,-73.92427509999997,3573.0,35 St & 34 Ave,4414,4411
40.75820464696758,-73.92832159996033,3653.0,31 St & 35 Ave,5359,5372
40.75828065,-73.97069431,367.0,E 53 St & Lexington Ave,37619,37145
40.75892386377695,-73.96226227283478,3243.0,E 58 St & 1 Ave,58291,58362
40.75898481399634,-73.99379968643187,3236.0,PABT Valet,2477,875
40.75898481399634,-73.99379968643187,3236.0,W 42 St & Dyer Ave,130319,104090
40.758996559605116,-73.96865397691727,3223.0,E 55 St & 3 Ave,99979,100322
40.759030082196055,-73.9938586950302,3240.0,NYCBS Depot BAL - DYR,121,136
40.759107,-73.959223,2022.0,E 60 St & York Ave,30585,30563
40.75929124,-73.98859651,2021.0,W 45 St & 8 Ave,140016,139994
40.7595701,-73.91426779999998,3598.0,Newton Rd & 44 St,4562,4564
40.7596276,-73.93214549999998,3566.0,Crescent St & 35 Ave,4069,4006
40.75968085,-73.97031366,2023.0,E 55 St & Lexington Ave,59039,58561
40.75971079999999,-73.97402311,456.0,E 53 St & Madison Ave,89091,93513
40.75992262,-73.97648516,520.0,W 52 St & 5 Ave,148322,156209
40.76009437,-73.99461843,515.0,W 43 St & 10 Ave,119753,121995
40.7601853,-73.9362726,3564.0,21 St & 36 Ave,1638,1615
40.76019252,-73.9912551,479.0,9 Ave & W 45 St,170412,171241
40.76030096,-73.99884222,478.0,11 Ave & W 41 St,137167,139342
40.760339,-73.9222427,3595.0,35 St & Broadway,6270,6256
40.7606597,-73.98042047,510.0,W 51 St & 6 Ave,22051,25631
40.76068327096592,-73.98452728986742,173.0,Broadway & W 49 St,171076,170284
40.76087502,-74.00277668,514.0,12 Ave & W 40 St,247272,257745
40.76095756,-73.96724467,305.0,E 58 St & 3 Ave,123365,123819
40.76108,-73.930562,3575.0,Crescent St & 34 Ave,4590,4613
40.7612274,-73.96094022,3142.0,1 Ave & E 62 St,113901,112897
40.76129389728909,-73.916916847229,3662.0,31 Ave & Steinway St,5557,5500
40.76132983124814,-73.97982001304626,3443.0,W 52 St & 6 Ave,105431,114322
40.7614376,-73.9411265,3565.0,36 Ave & 10 St,4687,4748
40.761584,-73.925921,3593.0,31 St & Broadway,14487,13952
40.761628,-73.972924,137.0,E 56 St & Madison Ave,20258,22352
40.76227205,-73.98788205,450.0,W 49 St & 8 Ave,160774,159067
40.76228826,-73.98336183,500.0,Broadway & W 51 St,107636,108878
40.76269882,-73.99301222,495.0,W 47 St & 10 Ave,118113,118226
40.76274420000001,-73.9391141,3567.0,11 St & 35 Ave,1624,1508
40.7628138,-73.9342862,3577.0,34 Ave & 21 St,4259,4236
40.763025942805186,-73.97209525108337,3457.0,E 58 St & Madison Ave,28559,28856
40.76309387270797,-73.97835016250609,3458.0,W 55 St & 6 Ave,69611,70134
40.76312584,-73.96526895,3134.0,3 Ave & E 62 St,61276,59316
40.763154,-73.920827,3602.0,31 Ave & 34 St,9379,9248
40.763154819103725,-73.93985509872438,3646.0,35 Ave & 10 St,2813,2820
40.7633589,-73.92864709999998,3592.0,Crescent St & Broadway,9159,9078
40.76340613,-73.97722479,352.0,W 56 St & 6 Ave,35504,36249
40.76341379,-73.99667444,508.0,W 46 St & 11 Ave,114418,114070
40.76344058,-73.98268129,469.0,Broadway & W 53 St,110259,101817
40.76350532,-73.97109243,3132.0,E 59 St & Madison Ave,71115,71376
40.76360467795863,-73.98917958140373,3699.0,W 50 St & 9 Ave,8488,8356
40.76370739,-73.9851615,447.0,8 Ave & W 52 St,130557,128653
40.7638753,-73.9364848,3586.0,34 Ave & 13 St,1903,1878
40.76408932350689,-73.9106512069702,3691.0,28 Ave & 44 St,2352,2365
40.76421007169064,-73.96910458803177,3264.0,E 61 St & Park Ave,10364,10347
40.7643971,-73.97371465,281.0,Grand Army Plaza & Central Park S,217373,193084
40.76440023,-73.96648977,3155.0,Lexington Ave & E 63 St,63648,63899
40.76461837,-73.98789473,449.0,W 52 St & 9 Ave,57401,55292
40.7647,-73.9240312,3603.0,31 Ave & 30 St,6601,6489
40.76471851944339,-73.96222069859505,3376.0,E 65 St & 2 Ave,31327,31100
40.76500525,-73.95818491,3141.0,1 Ave & E 68 St,174266,174221
40.7652654,-73.98192338,468.0,Broadway & W 55 St,57123,54748
40.7652654,-73.98192338,468.0,Broadway & W 56 St,93146,91071
40.7656251,-73.9136695,3616.0,Steinway St & 28 Ave,6357,6362
40.76583460000001,-73.9265474,3605.0,31 Ave & Crescent St,6773,6720
40.76584941,-73.98690506,423.0,W 54 St & 9 Ave,85835,84657
40.7659,-73.930819,3591.0,21 St & 31 Dr,6519,6586
40.76590936,-73.97634151,2006.0,Central Park S & 6 Ave,233485,228910
40.766368,-73.971518,3136.0,5 Ave & E 63 St,42818,42996
40.7664255270288,-73.92062902450563,3666.0,32 St & 30 Ave,8168,8187
40.76650452,-73.97147595,3136.0,5 Ave & E 63 St,7085,6567
40.76663814,-73.95348296,3156.0,E 72 St & York Ave,97622,97659
40.76669671,-73.99061728,480.0,W 53 St & 10 Ave,108693,107479
40.7668,-73.93477740000002,3589.0,Broadway & 12 St,4496,4527
40.76695317,-73.98169333,457.0,Broadway & W 58 St,186016,180921
40.76703432309872,-73.95622730255127,3447.0,E 71 St & 1 Ave,25366,25495
40.7671,-73.9169858,3617.0,28 Ave & 35 St,6102,6024
40.76712840349542,-73.96224617958069,3131.0,E 68 St & 3 Ave,35309,34728
40.7671863,-73.9373554,3588.0,Vernon Blvd & 10 St,6326,6443
40.76727216,-73.99392888,72.0,W 52 St & 11 Ave,110750,110690
40.7675487799971,-73.92093345522879,3721.0,31 St & Newtown Ave,238,240
40.76780080148132,-73.96592080593109,3231.0,E 67 St & Park Ave,38824,38326
40.768008893059466,-73.96845281124116,3355.0,E 66 St & Madison Ave,19438,19187
40.76817546742245,-73.95910263061523,3153.0,E 71 St & 2 Ave,17893,17776
40.7682,-73.9322662,3607.0,31 Ave & 14 St,3825,3851
40.768254,-73.988639,513.0,W 56 St & 10 Ave,87243,86394
40.768692,-73.9249574,3614.0,Crescent St & 30 Ave,6489,6537
40.76873687,-73.96119945,3152.0,3 Ave & E 71 St,29229,28086
40.7689738,-73.95482273,3372.0,E 74 St & 1 Ave,49365,49753
40.76915505,-73.98191841,499.0,Broadway & W 60 St,218704,208050
40.7691572,-73.96703464,3359.0,E 68 St & Madison Ave,23283,22945
40.7692475,-73.93545040000002,3609.0,Vernon Blvd & 31 Ave,4424,4586
40.76991760000001,-73.91840570000002,3516.0,31 St & Astoria Blvd,11791,11780
40.7699426,-73.96060712,3375.0,3 Ave & E 72 St,22951,22669
40.7701477,-73.9120938,3522.0,37 St & 24 Ave,4243,4269
40.77037429999999,-73.9286078,3612.0,30 Ave & 21 St,2941,2976
40.770513,-73.988038,422.0,W 59 St & 10 Ave,74769,72233
40.770845,-73.93417099999998,3610.0,Vernon Blvd & 30 Rd,7703,7837
40.77112927,-73.95772297,3135.0,E 75 St & 3 Ave,49968,49674
40.7711528,-73.9170074,3517.0,31 St & Hoyt Ave N,6837,6803
40.77118287540658,-73.96409422159195,3139.0,E 72 St & Park Ave,51248,48095
40.7713615,-73.9246145,3619.0,Newtown Ave & 23 St,5933,5959
40.7713937,-73.9077436,3528.0,Steinway St & 23 Ave,4744,4789
40.77140426,-73.9535166,3140.0,1 Ave & E 78 St,113110,115183
40.771496710544405,-73.99046033620834,530.0,11 Ave & W 59 St,2542,2531
40.771522,-73.99054100000002,530.0,11 Ave & W 59 St,125272,125220
40.77163851,-73.98261428,3158.0,W 63 St & Broadway,123826,116141
40.772248537721744,-73.95842134952545,3438.0,E 76 St & 3 Ave,23978,23960
40.77246067789397,-73.94682079553606,3369.0,E 82 St & East End Ave,5289,5317
40.7724607,-73.9468208,3369.0,E 82 St & East End Ave,12056,12108
40.7727966,-73.95577801,3370.0,78 St & 2 Ave,680,682
40.7727966,-73.95577801,3370.0,E 78 St & 2 Ave,26238,26188
40.77282817,-73.96685276,3137.0,5 Ave & E 73 St,137941,137793
40.7728384,-73.94989233,3151.0,E 81 St & York Ave,51607,51849
40.7729,-73.91614200000002,3523.0,24 Ave & 29 St,4344,4357
40.77314236,-73.95856158,3154.0,E 77 St & 3 Ave,14543,14287
40.7734066,-73.97782542,3163.0,Central Park West & W 68 St,125939,111364
40.773763,-73.96222088,3378.0,E 76 St & Park Ave,34343,34232
40.77376867022874,-73.97116988897324,3257.0,Adventures NYC,247,254
40.77391390238118,-73.9543953537941,3238.0,E 80 St & 2 Ave,31935,31409
40.7739825,-73.93091340000002,3621.0,27 Ave & 9 St,2729,2740
40.774405455003,-73.96175265312193,3138.0,E 77 St & Park Ave,6454,5807
40.77452835,-73.98753759,3176.0,W 64 St & West End Ave,50710,49559
40.774591,-73.918544,3515.0,24 Ave & 26 St,4943,4927
40.774645,-73.92370600000002,3513.0,21 St & Hoyt Ave S,3358,3368
40.7746671,-73.98470567,3356.0,Amsterdam Ave & W 66 St,34978,34184
40.7747175,-73.93378940000002,3512.0,27 Ave & 4 St,1238,1421
40.77477944895728,-73.95427465438844,3671.0,E 81 St & 2 Ave,11215,11231
40.7747878,-73.91255509999998,3526.0,31 St & 23 Ave,15001,15099
40.77492513,-73.98266566,3159.0,W 67 St & Broadway,111709,105308
40.77515953434235,-73.98918695747851,3697.0,W 64 St & Thelonious Monk Circle,14127,14068
40.77518615,-73.94446054,3157.0,East End Ave & E 86 St,25961,26220
40.77536905,-73.94803392,3150.0,E 85 St & York Ave,49779,48799
40.77565541,-73.95068615,3148.0,E 84 St & 1 Ave,52171,53958
40.77573034,-73.9567526,3146.0,E 81 St & 3 Ave,48913,47814
40.77579376683666,-73.97620573639871,3165.0,Central Park West & W 72 St,144937,135422
40.776165,-73.9153175,3525.0,23 Ave & 27 St,2787,2814
40.77632142182271,-73.96427392959596,3143.0,5 Ave & E 78 St,65575,64706
40.7767,-73.927631,3514.0,Astoria Park S & Shore Blvd,5927,5951
40.77677702,-73.95900970000002,3144.0,E 81 St & Park Ave,21494,19864
40.77682863439968,-73.96388769149779,3143.0,5 Ave & E 78 St,46644,44760
40.7770575,-73.97898475,3164.0,Columbus Ave & W 72 St,161961,125630
40.77745520000001,-73.9225403,3524.0,19 St & 24 Ave,5850,5868
40.77748046,-73.98288594,3175.0,W 70 St & Amsterdam Ave,79585,77412
40.777507027547976,-73.98888587951659,3173.0,Riverside Blvd & W 67 St,83921,84450
40.7779453,-73.94604100000002,3290.0,E 89 St & York Ave,27475,27574
40.77801203,-73.95407149,3147.0,E 85 St & 3 Ave,110447,110828
40.7781314,-73.96069399,3362.0,Madison Ave & E 82 St,38701,38418
40.778301,-73.9488134,3288.0,E 88 St & 1 Ave,38441,39239
40.7785669,-73.97754961,3172.0,W 74 St & Columbus Ave,50894,48003
40.77862688,-73.95772073,3145.0,E 84 St & Park Ave,62103,59308
40.7787185,-73.9145645,3530.0,Crescent St & Ditmars Blvd,4946,4982
40.77896784,-73.97374737,3160.0,Central Park West & W 76 St,89661,80241
40.779406085297865,-73.95333588123322,3700.0,E 87 St & 3 Ave,1520,1523
40.779668090073116,-73.98093044757842,3167.0,Amsterdam Ave & W 73 St,143503,140174
40.7801839724239,-73.97728532552719,3161.0,W 76 St & Columbus Ave,79666,65041
40.78057799010335,-73.98562431335448,3166.0,Riverside Dr & W 72 St,73494,74120
40.7806284,-73.9521667,3286.0,E 89 St & 3 Ave,34451,34389
40.781122299341654,-73.94965589046478,3305.0,E 91 St & 2 Ave,52617,53345
40.781410700190015,-73.95595908164978,3284.0,E 88 St & Park Ave,26196,25970
40.78145,-73.9183302,3532.0,Ditmars Blvd & 19 St,7182,7194
40.78172120000001,-73.94594000000002,3312.0,1 Ave & E 94 St,32304,33445
40.78245417527987,-73.94891962409021,3296.0,E 93 St & 2 Ave,14392,14719
40.78275,-73.97137,3226.0,W 82 St & Central Park West,71571,63394
40.7829391,-73.9786517,3360.0,Amsterdam Ave & W 79 St,62815,61180
40.78307,-73.95939,3282.0,5 Ave & E 88 St,107420,107651
40.78339981,-73.98093133,3162.0,W 78 St & Broadway,61710,58039
40.7835016,-73.955327,3294.0,E 91 St & Park Ave,28961,28149
40.7839636,-73.94716729999998,3318.0,2 Ave & E 96 St,41850,42711
40.78414472,-73.98362492,3178.0,Riverside Dr & W 78 St,49704,47141
40.784596798848916,-73.94968539476396,3675.0,3 Ave & E 95 St,6559,6588
40.78472675,-73.96961715,3168.0,Central Park West & W 85 St,117047,113492
40.7849032,-73.950503,3325.0,E 95 St & 3 Ave,13959,13947
40.78499979,-73.97283406,3170.0,W 84 St & Columbus Ave,73668,65640
40.78524672,-73.97667321,3171.0,Amsterdam Ave & W 82 St,79989,78283
40.78578510000001,-73.957481,3292.0,5 Ave & E 93 St,38611,38182
40.7859201,-73.94860294,3309.0,E 97 St & 3 Ave,10863,10911
40.7862586,-73.94552579,3338.0,2 Ave & E 99 St,12769,13065
40.7867947,-73.977112,3177.0,W 84 St & Broadway,76110,65997
40.7869946,-73.94164802,3351.0,E 102 St & 1 Ave,35855,36191
40.78720869,-73.98128127,3169.0,Riverside Dr & W 82 St,56982,56576
40.787285198609524,-73.95012259483337,3642.0,E 98 St & Lexington Ave,732,731
40.7877214,-73.94728331,3327.0,3 Ave & E 100 St,7638,7831
40.787801,-73.953559,3336.0,E 97 St & Madison Ave,41035,40517
40.78813,-73.95206,3299.0,E 98 St & Park Ave,3572,3582
40.7882213,-73.97041561,3283.0,W 89 St & Columbus Ave,49208,40386
40.78839,-73.9747,3285.0,W 87 St  & Amsterdam Ave,22267,21131
40.78839,-73.9747,3285.0,W 87 St & Amsterdam Ave,25824,23500
40.7892105,-73.94370784,3425.0,2 Ave  & E 104 St,8058,8296
40.7892105,-73.94370784,3425.0,2 Ave & E 104 St,12624,12738
40.7892529,-73.93956237,3391.0,E 106 St & 1 Ave,12230,12825
40.78948541553215,-73.9524292945862,3345.0,Madison Ave & E 99 St,22664,22110
40.7898175,-73.94296109,3385.0,2 Ave & E 105 St,1,2
40.79017948095081,-73.97288918495178,3289.0,W 90 St & Amsterdam Ave,30744,28426
40.79025417330417,-73.97718340158461,3434.0,W 88 St & West End Ave,27681,26478
40.790261,-73.977131,3287.0,W 87 St & West End Ave,2828,2840
40.79030510000001,-73.94755757,3379.0,E 103 St & Lexington Ave,20476,20933
40.7904828,-73.95033068,3363.0,E 102 St & Park Ave,14403,14363
40.79127,-73.964839,3295.0,Central Park W & W 96 St,76412,67932
40.791811715010965,-73.9786022901535,3445.0,Riverside Dr & W 89 St,5056,5053
40.7919557,-73.968087,3301.0,Columbus Ave & W 95 St,54135,50138
40.791976,-73.945993,3424.0,E 106 St & Lexington Ave,10989,11394
40.7921,-73.9739,3293.0,W 92 St & Broadway,41838,40454
40.7922553,-73.95249933,3367.0,5 Ave & E 103 St,41481,41210
40.7923272,-73.9383,3496.0,1 Ave & E 110 St,12931,13151
40.79313480986664,-73.97700369358063,3437.0,Riverside Dr & W 91 St,17467,16304
40.79329668,-73.9432083,3390.0,E 109 St & 3 Ave,16746,17187
40.7933718,-73.97685115,3291.0,Riverside Dr & W 91 St,2407,2395
40.793393,-73.96355559999998,3320.0,Central Park West & W 100 St,22456,21370
40.79343370000001,-73.94945003,3387.0,E 106 St & Madison Ave,12945,13119
40.7937704,-73.971888,3314.0,W 95 St & Broadway,54505,53169
40.794066608185524,-73.96286845207214,3320.0,Central Park West & W 100 St,20764,19547
40.7941654,-73.974124,3307.0,West End Ave & W 94 St,36551,36329
40.79456629999999,-73.9362541,3495.0,E 114 St & 1 Ave,5026,5125
40.7949879,-73.9333349,3497.0,Pleasant Ave & E 116 St,16119,16369
40.795,-73.9645,3328.0,W 100 St & Manhattan Ave,28905,27873
40.795346,-73.96186,3341.0,Central Park West & W 102 St,29022,26656
40.79541210000001,-73.9441232,3502.0,Lexington Ave & E 111 St,8147,8296
40.795508,-73.94160600000002,3551.0,3 Ave & E 112 St,4504,4552
40.7961535,-73.94782145,3400.0,E 110 St & Madison Ave,30255,30643
40.796879,-73.93726099999998,3490.0,E 116 St & 2 Ave,5006,5099
40.7969347,-73.9643412291,3302.0,Columbus Ave & W 103 St,11217,8359
40.7973721,-73.97041192,3350.0,W 100 St & Broadway,47217,44994
40.79747,-73.93504,3491.0,E 118 St & 1 Ave,5846,5929
40.7974772,-73.9311847,3498.0,Pleasant Ave & E 120 St,4165,4331
40.797911,-73.9423,3494.0,E 115 St & Lexington Ave,6509,6577
40.7981856,-73.96059090060001,3323.0,W 106 St & Central Park West,43601,42363
40.7987859,-73.9523,3521.0,Lenox Ave & W 111 St,27584,28097
40.7989445,-73.944846,3500.0,E 115 St & Madison Ave,4977,5038
40.7989937,-73.96621737779999,3316.0,W 104 St & Amsterdam Ave,12747,11800
40.7989937,-73.96621737779999,3316.0,W 104 St & Amsterdam Ave - 1,4665,3806
40.79904139288298,-73.96649479866028,3689.0,W 104 St & Amsterdam Ave,6065,5413
40.799139,-73.9389152,3493.0,E 118 St & 3 Ave,6093,6154
40.799484,-73.955613,3374.0,Central Park North & Adam Clayton Powell Blvd,90833,93323
40.7997568,-73.9621128676,3343.0,W 107 St & Columbus Ave,20795,19788
40.8005385,-73.9419949,3492.0,E 118 St & Park Ave,2432,2434
40.8006721,-73.9349,3499.0,2 Ave & E 122 St,4483,4540
40.80083629999999,-73.9664492472,3357.0,W 106 St & Amsterdam Ave,28727,26698
40.8011939,-73.9500739,3509.0,Lenox Ave & W 115 St,10789,11332
40.8013066,-73.93981670000002,3506.0,Lexington Ave & E 120 St,3536,3533
40.8013434,-73.97114574390001,3331.0,Riverside Dr & W 104 St,32906,31748
40.8014866,-73.9442507,3501.0,E 118 St & Madison Ave,5295,5328
40.801694,-73.957145,3553.0,Frederick Douglass Blvd & W 112 St,21449,22223
40.8021174,-73.9681805305,3366.0,West End Ave & W 107 St,27084,23676
40.802535,-73.9532423,3511.0,Adam Clayton Powell Blvd & W 115 St,7199,7402
40.8025566,-73.9490782,3628.0,Lenox Ave & W 117 St,8149,8208
40.802692,-73.96295,3538.0,W 110 St & Amsterdam Ave,15273,13017
40.8029263,-73.9379,3504.0,E 123 St & Lexington Ave,6068,6243
40.80295,-73.942954,3503.0,Madison Ave & E 120 St,4128,4149
40.8038654,-73.95593079999998,3630.0,Frederick Douglass Blvd & W 115 St,3235,3284
40.804038,-73.945925,3535.0,Mt Morris Park W & W 120 St,9041,9095
40.804213,-73.96699104,3383.0,Cathedral Pkwy & Broadway,56745,53276
40.804372,-73.951475,3520.0,Adam Clayton Powell Blvd & W 118 St,6436,6684
40.8045555,-73.93968609999997,3507.0,Park Ave & E 124 St,25709,25790
40.805159,-73.95469200000002,3534.0,Frederick Douglass Blvd & W 117 St,22054,23559
40.805726,-73.936322,3505.0,Lexington Ave & E 127 St,2958,2990
40.805973,-73.964928,3552.0,W 113 St & Broadway,16491,13274
40.8067581,-73.9607082,3539.0,W 116 St & Amsterdam Ave,16512,12179
40.80698,-73.94174699999998,3527.0,5 Ave & E 126 St,4448,4471
40.80756,-73.93918199999997,3622.0,E 128 St & Madison Ave,5071,5148
40.8078316,-73.949373,3510.0,Adam Clayton Powell Blvd & W 123 St,9400,9567
40.8082,-73.9641,3536.0,W 116 St & Broadway,17118,13273
40.808442,-73.94520870000002,3518.0,Lenox Ave & W 126 St,15699,16442
40.8086249,-73.9596214,3542.0,Amsterdam Ave & W 119 St,13371,11019
40.809495347779475,-73.94776493310928,3629.0,Adam Clayton Powell Blvd & W 126 St,5820,6142
40.809725,-73.953149,3508.0,St Nicholas Ave & Manhattan Ave,15723,16142
40.81,-73.9551508,3540.0,Morningside Ave & W 123 St,7447,7581
40.81028506306003,-73.95736455917357,3543.0,Morningside Dr & Amsterdam Ave,3544,3372
40.8107922,-73.9430681,3529.0,Lenox Ave & W 130 St,13593,13944
40.8109494,-73.9634,3623.0,W 120 St & Claremont Ave,9302,7466
40.8114323,-73.95187759999997,3533.0,St. Nicholas Ave & W 126 St,10923,11183
40.8120562,-73.9612547,3545.0,Broadway & W 122 St,7857,7400
40.8125511,-73.9492286,3531.0,Frederick Douglass Blvd & W 129 St,6378,6686
40.813358,-73.956461,3541.0,Amsterdam Ave & W 125 St,7077,7981
40.81413,-73.953005,3550.0,Convent Ave & W 129 St,41,45
40.8143256,-73.9590255,3547.0,Broadway & Moylan Pl,15232,15795
40.81439443791581,-73.95324736833571,3649.0,W 129 St & Convent Ave,4161,4092
40.880920555238774,-73.89660179615021,3036.0,8D OPS 01,14,13
45.50585063876722,-73.56910943984984,3650.0,8D Mobile 01,66,65
45.506264191001186,-73.56890559196472,3650.0,8D Mobile 01,78,78
45.506364054011385,-73.5694634914398,3488.0,8D QC Station 01,19,22
